{"SGD": [[0.34347179755341195, 0.4881561737344051, 0.4917963893515098, 0.4933663072103916, 0.49428353699391214, 0.4949041196750466, 0.4953571632872883, 0.49570724094379104, 0.4959877010681362, 0.49621821773420405], [0.43167197709339666, 0.4883782652932118, 0.4918737976163506, 0.4934077839063319, 0.4943101062932387, 0.49492300850272686, 0.4953714616555142, 0.4957184600607366, 0.49599690438421384, 0.49622585015814624], [0.45706722143363954, 0.48869324832508987, 0.49198665371544426, 0.49346866075247486, 0.4943493881764042, 0.4949509550998808, 0.4953926944647985, 0.4957352007262391, 0.4960104987068673, 0.49623721088028344], [0.4686448131458285, 0.4890749710875182, 0.49212925726875634, 0.4935468830695293, 0.49440038587206436, 0.49498758509429985, 0.49542058539569006, 0.4957571670763351, 0.4960284787129339, 0.4962521272328586], [0.4752886441600712, 0.4895018834256315, 0.49229794348824657, 0.4936412348721618, 0.49446231363710713, 0.4950323249226452, 0.4954546477190538, 0.49578421400631834, 0.4960505200048606, 0.49627067910233474], [0.4796504269585422, 0.48995933948438064, 0.4924851462396005, 0.49374890351695305, 0.49453414278714336, 0.4950840412428552, 0.4954945624878587, 0.4958159631358271, 0.4960765382652189, 0.4962925169526964], [0.48267853961836626, 0.49042051670925935, 0.49268824715138726, 0.4938679934499679, 0.4946142300387687, 0.49514250284148514, 0.4955399829119782, 0.4958520686549374, 0.49610623706152457, 0.496317437790467], [0.4849291408987775, 0.49088219017867185, 0.49290268200907383, 0.49399544520139693, 0.49470180369313, 0.49520702576744613, 0.49558987435212853, 0.4958920559586525, 0.49613928102747173, 0.4963452617536931], [0.48666269204270096, 0.49132844284790067, 0.4931220046157614, 0.4941302990931281, 0.49479557848734323, 0.49527610530090654, 0.4956438306778458, 0.49593589311292174, 0.4961755404103783, 0.49637585142156393], [0.48803889881480755, 0.4917566077754746, 0.49334520345210287, 0.49427015089510007, 0.4948944926332791, 0.49534992298894565, 0.49570153278004314, 0.4959830303758657, 0.49621427764766424, 0.49640883201820857]], "LDHD": [[0.4928330355555614, 0.49483135688140867, 0.49553206827898977, 0.4958417599806564, 0.4960010343908927, 0.49609493153431844, 0.49615433000196707, 0.4961961841703959, 0.4962263412282796, 0.49624861339558607], [0.49209235034249615, 0.4949522805921167, 0.49569706659445995, 0.4959566405369373, 0.496080287310124, 0.49615327262929965, 0.4961976334550536, 0.4962322432787658, 0.49625554664466975, 0.4962731631016173], [0.4959258385632268, 0.4957049494283176, 0.4959515689478286, 0.4960861511369645, 0.4961598529147807, 0.49620815129480644, 0.4962409780230823, 0.49626609479607064, 0.4962845140115677, 0.4962984646320082], [0.49615503435306574, 0.4962441754263017, 0.49615208696612156, 0.496183300371451, 0.49623164603415915, 0.4962587803737989, 0.4962778835258135, 0.4962966337482072, 0.4963096152170775, 0.496319514866787], [0.4947755552261919, 0.4964509907110639, 0.49629739568044384, 0.49628230551610686, 0.49628494005586127, 0.49630440051262864, 0.49631629312757397, 0.4963292209943313, 0.4963326640746212, 0.4963415397396509], [0.4965076194980678, 0.4965551216216774, 0.49642083318100394, 0.4963472524885759, 0.4963373976284274, 0.4963432894563671, 0.4963492671844579, 0.49635521978420893, 0.4963574253455142, 0.4963663666570848], [0.49819734282343264, 0.4966263392295208, 0.49646931030351404, 0.49642023671727054, 0.49639364375508865, 0.4963862425897115, 0.49638185004178936, 0.49638011637284213, 0.4963816012622351, 0.49638175962696096], [0.4988724129031987, 0.49668592083458846, 0.49650912482995585, 0.49645830249320083, 0.4964412574074369, 0.49642150838424465, 0.49641195081816736, 0.49640662410389935, 0.4964041624684577, 0.49640206424959576], [0.4989832160155892, 0.49672047844999234, 0.49653498192654033, 0.4964789586203241, 0.4964554074098152, 0.4964459340726699, 0.4964394204206058, 0.49642746847802716, 0.4964243873801659, 0.4964231428848759], [0.49892104906661233, 0.4967730029739393, 0.49657029196853575, 0.496506338096564, 0.49647434945695657, 0.4964596101979889, 0.49644960373472224, 0.496444304195542, 0.49643791013611843, 0.4964352985955923]], "KFAD": [[0.4962503733639047, 0.49626818612231505, 0.4962810039126617, 0.4962931610677561, 0.4963026285613984, 0.49631064704353645, 0.4963174138794446, 0.4963237283762575, 0.4963291171453543, 0.4963337239161876], [0.49627430355388735, 0.4962884746909173, 0.4962989568640178, 0.4963092079727428, 0.4963169956223198, 0.49632513388897703, 0.4963306794126131, 0.4963359113854471, 0.4963397596370277, 0.4963442651561884], [0.49629858706553875, 0.49630961199783324, 0.4963184547351562, 0.4963264843475991, 0.496331157448642, 0.49633824628124856, 0.49634104042978244, 0.49634630813817915, 0.4963504206832791, 0.49635366626428834], [0.49631937840297136, 0.49632887166306805, 0.49633492752530195, 0.49634079409187903, 0.49634575970772, 0.49635133333554915, 0.49635385364595086, 0.4963578519732931, 0.49636105958267845, 0.49636405411849305], [0.4963432423214951, 0.49634642039455235, 0.49635213607317896, 0.49635717933030865, 0.4963617355837439, 0.49636384914641796, 0.4963671122609753, 0.49636878039180726, 0.49637032901884937, 0.4963735298063342], [0.496362249085309, 0.4963677414359113, 0.4963669990459549, 0.49637204896827136, 0.49637456392967105, 0.4963766043097938, 0.49637710825162656, 0.4963792522449256, 0.4963797584260121, 0.49638283135797223], [0.4963841658925532, 0.49638321037514455, 0.49638510655324514, 0.49638652577498676, 0.4963866290175163, 0.49638878751627374, 0.4963885292960353, 0.49638998446760285, 0.49639052505634984, 0.4963917750629986], [0.4964033634472109, 0.4963998272256426, 0.49639947110644045, 0.4964014346222083, 0.49640020319700084, 0.496400341704369, 0.49640101504570233, 0.4964009135408495, 0.49640039198630354, 0.49640148461826017], [0.49641659735686156, 0.4964182965993863, 0.496416367083893, 0.49641680831672885, 0.49641417311602987, 0.49641017262354326, 0.49641226602503985, 0.49640969850228084, 0.4964090870163449, 0.49640882582952395], [0.49643383860083956, 0.4964345555026039, 0.4964309081102612, 0.4964266915742096, 0.49642385353345925, 0.4964246275908417, 0.49642192593683476, 0.49642330263332984, 0.49641923999646226, 0.4964204141189269]]}